"DESCRIPTION","DURATION IN MS","NAME","PARENT SUITE","START TIME","STATUS","STOP TIME","SUB SUITE","SUITE","TEST CLASS","TEST METHOD"
"","1","still reports store when opening the store itself fails","triggerNativeAppUpdate","2026-10-02","passed","2026-10-02","","","",""
"","1","registers the wd sprite from the tile server","hutsStyle","2026-10-02","passed","2026-10-02","","","",""
"","0","returns undefined when the image has no thumbhashes at all","thumbhashStyleForSize","2026-10-02","passed","2026-10-02","","","",""
"","0","returns an empty string for missing url groups","variantUrl","2026-10-02","passed","2026-10-02","","","",""
"","3","opens the store when an update exists but immediate is not allowed","triggerNativeAppUpdate","2026-10-02","passed","2026-10-02","","","",""
"","2","force-saves immediately without waiting for the debounce","local-properties-store","2026-10-02","passed","2026-10-02","","","",""
"","4","runs the in-app immediate update when Play allows it","triggerNativeAppUpdate","2026-10-02","passed","2026-10-02","","","",""
"","1","includes transport in all groups","layer-groups","2026-10-02","passed","2026-10-02","","createDefaultGroups","",""
"","1","computes the crop stop from size when only cropStart is given","getImageUrl","2026-10-02","passed","2026-10-02","","","",""
"","3","adds one circle layer that is hidden by default","transportStyle","2026-10-02","passed","2026-10-02","","","",""
"","4","recovers the approximate aspect ratio","thumbHashToApproximateAspectRatio","2026-10-02","passed","2026-10-02","","","",""
"","25","refetches when the slug changes","useMediaImages","2026-10-02","passed","2026-10-02","","","",""
"","1","picks the hash matching aspect group and crop style","thumbhashFor","2026-10-02","passed","2026-10-02","","","",""
"","18176","light-mobile: icon invert treatment","interaction","2026-10-02","passed","2026-10-02","map chrome theming","interaction/theme-chrome.spec.ts","",""
"","3","configures zoom ranges for occupation and detail layers","hutsStyle","2026-10-02","passed","2026-10-02","","","",""
"","4","parses location from the URL hash","local-properties-store","2026-10-02","passed","2026-10-02","","","",""
"","1","cycles to the next visible group","layer-groups","2026-10-02","passed","2026-10-02","","cycleGroup","",""
"","18719","double-tap does NOT enter focus","interaction","2026-10-02","passed","2026-10-02","gesture disambiguation","interaction/overlay-interactions.spec.ts","",""
"","0","orders layers: occupation days, occupation, selected, huts","hutsStyle","2026-10-02","passed","2026-10-02","","","",""
"","2","includes slope_angle in snowsport only","layer-groups","2026-10-02","passed","2026-10-02","","createDefaultGroups","",""
"","17494","single tap enters focus","interaction","2026-10-02","passed","2026-10-02","gesture disambiguation","interaction/overlay-interactions.spec.ts","",""
"","5","emits api_version_sunset on a 410 with the matching code","apiVersionMiddleware (clientWodore)","2026-10-02","passed","2026-10-02","","","",""
"","33611","light-mobile: expanded stays open on select","interaction","2026-10-02","passed","2026-10-02","overlay interactions","interaction/overlay-interactions.spec.ts","",""
"","1","excludes failed ids and keeps order","filterOutFailed","2026-10-02","passed","2026-10-02","","","",""
"","18581","light-desktop: icon invert treatment","interaction","2026-10-02","passed","2026-10-02","map chrome theming","interaction/theme-chrome.spec.ts","",""
"","1","keeps retry counters per slot (main vs thumb)","useImageRetry","2026-10-02","passed","2026-10-02","","","",""
"","9","sets the Api-Version header on every request","apiVersionMiddleware (clientWodore)","2026-10-02","passed","2026-10-02","","","",""
"","31618","light-mobile: chip backgrounds and ink","interaction","2026-10-02","passed","2026-10-02","map chrome theming","interaction/theme-chrome.spec.ts","",""
"","2","replaces the <NAME> placeholder per layer","getRasterStyle","2026-10-02","passed","2026-10-02","","","",""
"","2","includes huts in all groups","layer-groups","2026-10-02","passed","2026-10-02","","createDefaultGroups","",""
"","1","success clears pending retry state","useImageRetry","2026-10-02","passed","2026-10-02","","","",""
"","2","classifies a deprecated pin with its sunset date","useApiVersionStore","2026-10-02","passed","2026-10-02","","","",""
"","3","removes javascript: URLs","sanitizeHtml","2026-10-02","passed","2026-10-02","","","",""
"","23696","dark-desktop: 48px control audit + alignment","interaction","2026-10-02","passed","2026-10-02","layout and sizing","interaction/layout-sizes.spec.ts","",""
"","17169","pinch does NOT enter focus","interaction","2026-10-02","passed","2026-10-02","gesture disambiguation","interaction/overlay-interactions.spec.ts","",""
"","4","updates UI and map settings","user-settings-store","2026-10-02","passed","2026-10-02","","","",""
"","22549","dark-desktop: closing-tap collapses, no focus","interaction","2026-10-02","passed","2026-10-02","overlay interactions","interaction/overlay-interactions.spec.ts","",""
"","21673","light-desktop: 48px control audit + alignment","interaction","2026-10-02","passed","2026-10-02","layout and sizing","interaction/layout-sizes.spec.ts","",""
"","0","returns the next size up on retina displays","variantUrl","2026-10-02","passed","2026-10-02","","","",""
"","5","produces a PNG data URL","thumbhashDataUrl","2026-10-02","passed","2026-10-02","","","",""
"","0","uses the portrait group for portrait images","orientationUrls","2026-10-02","passed","2026-10-02","","","",""
"","4","updates the bookings source when the store geojson changes","hutsStyle","2026-10-02","passed","2026-10-02","","","",""
"","2","produces a base64url signature (no + or /)","getImageUrl","2026-10-02","passed","2026-10-02","","","",""
"","3","manages preferred basemaps without duplicates","user-settings-store","2026-10-02","passed","2026-10-02","","","",""
"","602","setLocale switches i18n and persists the choice in the settings store","locale service","2026-10-02","passed","2026-10-02","","","",""
"","1","uses lg on large screens (medium -> md, large -> lg)","useMediaPreload source picking","2026-10-02","passed","2026-10-02","","","",""
"","1","uses the unsafe marker when requested","getImageUrl","2026-10-02","passed","2026-10-02","","","",""
"","0","falls back to landscape variants for portrait images without portrait urls","useMediaPreload source picking","2026-10-02","passed","2026-10-02","","","",""
"","33108","light-mobile: 48px control audit + alignment","interaction","2026-10-02","passed","2026-10-02","layout and sizing","interaction/layout-sizes.spec.ts","",""
"","4","keeps the four supported languages with native display names","locale resolution","2026-10-02","passed","2026-10-02","","","",""
"","19626","light-desktop: chip backgrounds and ink","interaction","2026-10-02","passed","2026-10-02","map chrome theming","interaction/theme-chrome.spec.ts","",""
"","0","returns null for removed groups","layer-groups","2026-10-02","passed","2026-10-02","","getActiveGroup","",""
"","11","initializes with Switzerland defaults and creates the storage key","local-properties-store","2026-10-02","passed","2026-10-02","","","",""
"","7","huts overlay item exposes name and style","overlay config sanity","2026-10-02","passed","2026-10-02","","","",""
"","4","selects an existing point instead of adding a new one","CustomRouteMode","2026-10-02","passed","2026-10-02","","","",""
"","8","retries with the fixed schedule and succeeds on a later attempt","useMediaPreload.preloadImage","2026-10-02","passed","2026-10-02","","","",""
"","1","uses identical main opacity at zoom 11 and 15 when zoomMain = 0.8 (no visual jump)","opacityLevels","2026-10-02","passed","2026-10-02","","","",""
"","1","maps occupancy status to availability colors with gray fallback","hutsStyle","2026-10-02","passed","2026-10-02","","","",""
"","0","steps one size up on retina and clamps at xl","effectiveSize","2026-10-02","passed","2026-10-02","","","",""
"","2","appends focal and quality filters in a stable order","getImageUrl","2026-10-02","passed","2026-10-02","","","",""
"","2","prefers hash location over stored and default location","local-properties-store","2026-10-02","passed","2026-10-02","","","",""
"","7","builds vector hut and geojson bookings sources","hutsStyle","2026-10-02","passed","2026-10-02","","","",""
"","2","fails soft on fetch errors (state error, no throw)","useApiVersionStore","2026-10-02","passed","2026-10-02","","","",""
"","0","does not re-add removed groups","layer-groups","2026-10-02","passed","2026-10-02","","mergeGroups","",""
"","12","adds noopener to links opening a new tab","sanitizeHtml","2026-10-02","passed","2026-10-02","","","",""
"","1","all groups are locked by default","layer-groups","2026-10-02","passed","2026-10-02","","createDefaultGroups","",""
"","22543","dark-mobile: 48px control audit + alignment","interaction","2026-10-02","passed","2026-10-02","layout and sizing","interaction/layout-sizes.spec.ts","",""
"","10","adds a clicked point and fires an update event","CustomRouteMode","2026-10-02","passed","2026-10-02","","","",""
"","34","keeps license links and provider logos with inline styles intact","sanitizeHtml","2026-10-02","passed","2026-10-02","","","",""
"","5","uses the 1s/3s/7s schedule and clamps beyond it","retry schedule","2026-10-02","passed","2026-10-02","","","",""
"","0","wraps around after the last group","layer-groups","2026-10-02","passed","2026-10-02","","cycleGroup","",""
"","1","classifies a sunset pin as unsupported","useApiVersionStore","2026-10-02","passed","2026-10-02","","","",""
"","1","flags sunset when the middleware reports a live 410","useApiVersionStore","2026-10-02","passed","2026-10-02","","","",""
"","2","strips the API media host prefix when replacement is enabled","getImageUrl","2026-10-02","passed","2026-10-02","","","",""
"","35","refetches once when the UI language changes","useMediaImages","2026-10-02","passed","2026-10-02","","","",""
"","1","is deterministic for identical input","getImageUrl","2026-10-02","passed","2026-10-02","","","",""
"","1","returns only layers in the group that exist","layer-groups","2026-10-02","passed","2026-10-02","","getGroupLayers","",""
"","0","uses the orientation group for preview urls of portrait images","useMediaPreload source picking","2026-10-02","passed","2026-10-02","","","",""
"","1","opens the store when no update is available (side-loaded builds)","triggerNativeAppUpdate","2026-10-02","passed","2026-10-02","","","",""
"","1","reports whether stored settings existed (first-visit detection)","locale service","2026-10-02","passed","2026-10-02","","","",""
"","20774","dark-desktop: icon invert treatment","interaction","2026-10-02","passed","2026-10-02","map chrome theming","interaction/theme-chrome.spec.ts","",""
"","0","falls back through smaller sizes when a variant is missing","useMediaPreload source picking","2026-10-02","passed","2026-10-02","","","",""
"","4","is a date string (YYYY-MM-DD)","PINNED_API_VERSION","2026-10-02","passed","2026-10-02","","","",""
"","0","returns an empty string when the image carries no hashes","thumbhashFor","2026-10-02","passed","2026-10-02","","","",""
"","3","orders t-shirt sizes small to large","IMAGE_SIZES","2026-10-02","passed","2026-10-02","","","",""
"","9","sets up empty initial state","CustomRouteMode","2026-10-02","passed","2026-10-02","","","",""
"","11","re-assigns the same src on the 1s/3s/7s schedule","useImageRetry","2026-10-02","passed","2026-10-02","","","",""
"","1","falls back to English when the stored value is invalid","locale service","2026-10-02","passed","2026-10-02","","","",""
"","7","builds a signed URL with the default size","getImageUrl","2026-10-02","passed","2026-10-02","","","",""
"","91","runs the fetch context exactly once per store init (no effect re-runs)","meteo store weather-code context","2026-10-02","passed","2026-10-02","","","",""
"","21002","light-mobile: closing-tap collapses, no focus","interaction","2026-10-02","passed","2026-10-02","overlay interactions","interaction/overlay-interactions.spec.ts","",""
"","1","returns the active group","layer-groups","2026-10-02","passed","2026-10-02","","getActiveGroup","",""
"","2","isLatest is true only for the newest token","useLatestRequest","2026-10-02","passed","2026-10-02","","","",""
"","1","serves the next size up for retina displays","useMediaPreload source picking","2026-10-02","passed","2026-10-02","","","",""
"","0","promotes active layers to the top","layer-groups","2026-10-02","passed","2026-10-02","","getOtherLayers","",""
"","5","invalidates older tokens when next() is called","useLatestRequest","2026-10-02","passed","2026-10-02","","","",""
"","3","colors stops by type with train before bus before other","transportStyle","2026-10-02","passed","2026-10-02","","","",""
"","1","resolves supported locales unchanged","locale resolution","2026-10-02","passed","2026-10-02","","","",""
"","21","decodes to a ~32px image matching the hash aspect","thumbHashToRGBA","2026-10-02","passed","2026-10-02","","","",""
"","3","reads the persisted locale from the user settings store","locale service","2026-10-02","passed","2026-10-02","","","",""
"","18661","dark-mobile: chip backgrounds and ink","interaction","2026-10-02","passed","2026-10-02","map chrome theming","interaction/theme-chrome.spec.ts","",""
"","106","fetches hut images exactly once per slug (no refetch loop)","useMediaImages","2026-10-02","passed","2026-10-02","","","",""
"","10","returns a zoom-based interpolate expression with default stops","opacityLevels","2026-10-02","passed","2026-10-02","","","",""
"","2","does not emit on other 410 bodies","apiVersionMiddleware (clientWodore)","2026-10-02","passed","2026-10-02","","","",""
"","21310","light-desktop: expanded stays open on select","interaction","2026-10-02","passed","2026-10-02","overlay interactions","interaction/overlay-interactions.spec.ts","",""
"","3","sets and merges location updates","local-properties-store","2026-10-02","passed","2026-10-02","","","",""
"","2","marks the image failed after 4 total attempts","useImageRetry","2026-10-02","passed","2026-10-02","","","",""
"","1","fires a complete event on stop only when points exist","CustomRouteMode","2026-10-02","passed","2026-10-02","","","",""
"","2","detects stale locations","local-properties-store","2026-10-02","passed","2026-10-02","","","",""
"","1","picks the portrait variant when the image is portrait","useMediaPreload source picking","2026-10-02","passed","2026-10-02","","","",""
"","3","setLocale ignores invalid values","locale service","2026-10-02","passed","2026-10-02","","","",""
"","20809","dark-mobile: expanded stays open on select","interaction","2026-10-02","passed","2026-10-02","overlay interactions","interaction/overlay-interactions.spec.ts","",""
"","1","returns layers not in the active group","layer-groups","2026-10-02","passed","2026-10-02","","getOtherLayers","",""
"","8","strips script tags and event handlers","sanitizeHtml","2026-10-02","passed","2026-10-02","","","",""
"","21144","dark-mobile: closing-tap collapses, no focus","interaction","2026-10-02","passed","2026-10-02","overlay interactions","interaction/overlay-interactions.spec.ts","",""
"","3","gives up after maxRetries exhausted attempts","useMediaPreload.preloadImage","2026-10-02","passed","2026-10-02","","","",""
"","2","clears all state back to defaults","local-properties-store","2026-10-02","passed","2026-10-02","","","",""
"","6","creates 3 groups with unique ids","layer-groups","2026-10-02","passed","2026-10-02","","createDefaultGroups","",""
"","0","returns the requested variant on 1x displays","variantUrl","2026-10-02","passed","2026-10-02","","","",""
"","17245","pan does NOT enter focus","interaction","2026-10-02","passed","2026-10-02","gesture disambiguation","interaction/overlay-interactions.spec.ts","",""
"","1","detects the system language with English fallback","locale resolution","2026-10-02","passed","2026-10-02","","","",""
"","21757","dark-desktop: chip backgrounds and ink","interaction","2026-10-02","passed","2026-10-02","map chrome theming","interaction/theme-chrome.spec.ts","",""
"","1","translates i18n keys","layer-groups","2026-10-02","passed","2026-10-02","","groupDisplayName","",""
"","1","applies custom zoom levels","opacityLevels","2026-10-02","passed","2026-10-02","","","",""
"","11","decode to aspect-correct gray gradients","backend default placeholder hashes","2026-10-02","passed","2026-10-02","","","",""
"","18259","dark-mobile: icon invert treatment","interaction","2026-10-02","passed","2026-10-02","map chrome theming","interaction/theme-chrome.spec.ts","",""
"","0","falls back down the ladder when the target variant is missing","variantUrl","2026-10-02","passed","2026-10-02","","","",""
"","1","opens the store when Play services are unavailable","triggerNativeAppUpdate","2026-10-02","passed","2026-10-02","","","",""
"","2","checks only once per session","useApiVersionStore","2026-10-02","passed","2026-10-02","","","",""
"","5","manages available overlays without duplicates","user-settings-store","2026-10-02","passed","2026-10-02","","","",""
"","1","creates a swisstopo overlay item with wmts tiles and a raster style","getSwisstopoOverlay","2026-10-02","passed","2026-10-02","","","",""
"","69","fetches a route and displays it as a line once two points exist","CustomRouteMode","2026-10-02","passed","2026-10-02","","","",""
"","1","returns the size itself on 1x displays","effectiveSize","2026-10-02","passed","2026-10-02","","","",""
"","1021","persists location across stores (debounced)","local-properties-store","2026-10-02","passed","2026-10-02","","","",""
"","1","excludes hidden and removed groups","layer-groups","2026-10-02","passed","2026-10-02","","getVisibleGroups","",""
"","1","preserves existing groups","layer-groups","2026-10-02","passed","2026-10-02","","mergeGroups","",""
"","3","persists session state and clipboard","local-properties-store","2026-10-02","passed","2026-10-02","","","",""
"","3","returns a background style for a present hash","thumbhashStyleForSize","2026-10-02","passed","2026-10-02","","","",""
"","1","prefixes a cdn host when cdn is enabled","getRasterStyle","2026-10-02","passed","2026-10-02","","","",""
"","1","scales the radius by zoom with per-type values","transportStyle","2026-10-02","passed","2026-10-02","","","",""
"","1","returns null for missing or malformed hashes","thumbhashDataUrl","2026-10-02","passed","2026-10-02","","","",""
"","1","keeps absolute API URLs when replacement is disabled","getImageUrl","2026-10-02","passed","2026-10-02","","","",""
"","12","initializes defaults and ensures the storage key exists","user-settings-store","2026-10-02","passed","2026-10-02","","","",""
"","1","falls back to English for invalid, legacy or missing values","locale resolution","2026-10-02","passed","2026-10-02","","","",""
"","1","initLocale applies the locale to the i18n instance","locale service","2026-10-02","passed","2026-10-02","","","",""
"","17403","light-mobile: open shows close glyph, tap closes","interaction","2026-10-02","passed","2026-10-02","attribution","interaction/overlay-interactions.spec.ts","",""
"","5","builds a geojson source with promoted ids","transportStyle","2026-10-02","passed","2026-10-02","","","",""
"","1","clamps the retina bump at xl","useMediaPreload source picking","2026-10-02","passed","2026-10-02","","","",""
"","34","fetches once per language/collection context change","meteo store weather-code context","2026-10-02","passed","2026-10-02","","","",""
"","1","does nothing more when the user cancels the immediate update","triggerNativeAppUpdate","2026-10-02","passed","2026-10-02","","","",""
"","1","returns empty for a group with no matching layers","layer-groups","2026-10-02","passed","2026-10-02","","getGroupLayers","",""
"","5","classifies a current pin as ok","useApiVersionStore","2026-10-02","passed","2026-10-02","","","",""
"","509","persists changes and loads them in a fresh store","user-settings-store","2026-10-02","passed","2026-10-02","","","",""
"","0","uses the landscape group otherwise, with portrait as fallback","orientationUrls","2026-10-02","passed","2026-10-02","","","",""
"","4","exports and imports settings","user-settings-store","2026-10-02","passed","2026-10-02","","","",""
"","1","is memoized per hash","thumbhashDataUrl","2026-10-02","passed","2026-10-02","","","",""
"","1","resets to defaults","user-settings-store","2026-10-02","passed","2026-10-02","","","",""
"","0","returns literal names unchanged","layer-groups","2026-10-02","passed","2026-10-02","","groupDisplayName","",""
"","2","classifies an unknown pin as unsupported","useApiVersionStore","2026-10-02","passed","2026-10-02","","","",""
"","0","skips hidden groups","layer-groups","2026-10-02","passed","2026-10-02","","cycleGroup","",""
"","21497","light-desktop: closing-tap collapses, no focus","interaction","2026-10-02","passed","2026-10-02","overlay interactions","interaction/overlay-interactions.spec.ts","",""
"","7","builds one raster source and layer per layer name with the wd- prefix","getRasterStyle","2026-10-02","passed","2026-10-02","","","",""
"","22900","dark-desktop: expanded stays open on select","interaction","2026-10-02","passed","2026-10-02","overlay interactions","interaction/overlay-interactions.spec.ts","",""
