"BROKEN","EPIC","FAILED","FEATURE","PASSED","SKIPPED","STORY","UNKNOWN"
"0","","0","","167","0","","0"
"0","map-controls","0","overlay","8","0","","0"
"0","map-controls","0","theming","8","0","","0"
"0","","0","language-switch","3","0","","0"
"0","","0","basemap-styles","4","0","","0"
"0","","0","image-service","1","0","","0"
"0","","0","async-guards","1","0","","0"
"0","map-controls","0","attribution","1","0","","0"
"0","","0","map-overlays","4","0","","0"
"0","map-controls","0","group-switch","2","0","","0"
"0","map-controls","0","layout","4","0","","0"
"0","","0","user-settings","1","0","","0"
"0","","0","sanitize-html","1","0","","0"
"0","","0","local-properties","1","0","","0"
"0","","0","custom-route-mode","1","0","","0"
"0","map-controls","0","gestures","4","0","","0"
